Title,Number_of_characters,Description,Gender,doNotUse,birthYear,deathDate,deathYear,ethnicity,nationality,country,region,religion,activeYearsStartYear,genre,notableWork,almaMater
Ande Parks,1,Artist writer,NA,1964-10-01,1964,NA,NA,NA,NA,NA,NA,NA,NA,NA,NA,NA
Andersen Gabrych,2,Writer,NA,1973-09-04,1973,NA,NA,NA,NA,NA,NA,NA,NA,NA,NA,NA
Andy Clarke (comics),1,Artist,NA,NA,NA,NA,NA,NA,British people,NA,NA,NA,NA,NA,NA,NA
Andy Wilman,1,British television presenter,NA,1962-08-16 and 1969-08-16,1962,NA,NA,NA,NA,NA,NA,NA,1994,NA,NA,NA
Angel Medina (artist),2,Artist,NA,1964-03-25,1964,NA,NA,NA,NA,NA,NA,NA,NA,NA,NA,NA
Angela and Luciana Giussani,2,Writers,NA,NA,NA,1987-02-12,1987,NA,NA,NA,NA,NA,NA,NA,NA,NA
Ann Biderman,1,American screenwriter,NA,1951-08-15,1951,NA,NA,NA,NA,NA,NA,NA,NA,NA,NA,NA
Annabel Jankel,1,British film director,NA,1955-06-01,1955,NA,NA,NA,NA,NA,NA,NA,NA,NA,NA,NA
Anne Rice,4,American writer,NA,1941-10-04,1941,NA,NA,NA,NA,NA,NA,NA,NA,Erotica and Horror fiction and Fantasy literature and Gothic fiction and Christian novel,NA,San Francisco State University
Alcée Fortier,2,American philologist and folklorist,NA,1856-06-05,1856,NA,1914,Louisiana Creole people,NA,NA,NA,NA,1880,NA,NA,NA
Alex Blum,1,Artist,NA,1889-02-07,1889,1969-09-01,1969,NA,NA,NA,NA,NA,NA,NA,NA,NA
Alex Gansa,2,American screenwriter and prodcuer,NA,NA,NA,NA,NA,NA,NA,NA,NA,NA,NA,NA,NA,NA
Alex Lovy,5,Animator,NA,1913-09-02,1913,1992-02-14,1992,NA,NA,NA,NA,NA,NA,NA,NA,NA
Alex Saviuk,3,Artist,NA,1952-08-17,1952,NA,NA,NA,Americans,NA,NA,NA,NA,NA,NA,NA
Alexander George Gurney,1,Artist,NA,1902-03-15,1902,1955-12-04,1955,NA,NA,NA,NA,NA,NA,NA,NA,NA
Ali LeRoi,1,American actor and filmmaker,NA,1962-02-12,1962,NA,NA,NA,NA,NA,NA,NA,NA,NA,NA,NA
Allen Bert Christman,1,Cartoonist,NA,1915-05-31,1915,1942-01-23,1942,NA,United States,NA,NA,NA,NA,NA,NA,NA
Alvin Lee (comics),1,Canadian-borncomic bookartist,NA,1980-01-23,1980,NA,NA,NA,Canadians,NA,NA,NA,NA,NA,NA,NA
Ambrós,1,Spanish comic-book cartoonist,NA,1913-08-31,1913,1992-09-30,1992,NA,NA,NA,NA,NA,NA,NA,NA,NA
Anupam Sinha,2,Comics artist,NA,NA,1962,NA,NA,NA,India,NA,NA,NA,NA,NA,NA,NA
Ardian Syaf,1,Comic Book Artist,NA,NA,NA,NA,NA,NA,NA,NA,NA,NA,NA,NA,NA,NA
Art Saaf,1,Comics creator,NA,1921-12-04,1921,2007-04-21,2007,NA,Americans,NA,NA,NA,NA,NA,NA,NA
Arthur Pinajian,2,Writer,NA,1914-03-28,1914,1999-08-18,1999,NA,Armenian Americans,NA,NA,NA,NA,NA,NA,NA
Ashley Miller (screenwriter),1,American screenwriter,NA,1971-03-16,1971,NA,NA,NA,NA,NA,NA,NA,2000,NA,NA,College of William & Mary
Aurania Rouverol,1,American writer,NA,1886-08-13,1886,1955-06-23,1955,NA,NA,NA,NA,NA,NA,NA,NA,NA
Axel Alonso,1,Editor,NA,NA,NA,NA,NA,NA,NA,NA,NA,NA,NA,NA,NA,NA
Aaron Lopresti,5,Artist,NA,1964-01-07,1964,NA,NA,NA,Americans,NA,NA,NA,NA,NA,NA,NA
Abid Surti,1,Indian author painter,NA,1935-05-05,1935,NA,NA,Gujarati people,Indian people,NA,NA,Muslim,NA,NA,NA,Sir Jamsetjee Jeejebhoy School of Art
Adam Hughes,1,Comic book artist,NA,1967-05-05,1967,NA,NA,NA,NA,NA,NA,NA,NA,NA,NA,NA
Adam Reed,2,American actor,NA,1970-01-08,1970,NA,NA,NA,United States,NA,NA,NA,NA,NA,NA,NA
Adrian Alphona,9,Canadian comic book artist,NA,NA,NA,NA,NA,NA,NA,NA,NA,NA,NA,NA,NA,NA
Al Gabriele,2,Artist,NA,NA,NA,NA,NA,NA,United States,NA,NA,NA,NA,NA,NA,NA
Al Gordon,7,Writer,NA,1953-06-22,1953,NA,NA,NA,NA,NA,NA,NA,NA,NA,NA,NA
Alan Weiss (comics),1,Artist,NA,1948-03-07,1948,NA,NA,NA,Americans,NA,NA,NA,NA,NA,NA,NA
Barbara Euphan Todd,1,British writer,NA,1890-01-09,1890,1976-02-02,1976,NA,NA,NA,NA,NA,NA,NA,NA,NA
Barry Wong,1,Hong Kong screenwriter film producer and actor,NA,1946-11-20,1946,1991-10-16,1991,NA,NA,China,NA,NA,1980,Cinema of Hong Kong,NA,NA
Bart Sears,1,Artist,NA,1963-12-17,1963,NA,NA,NA,NA,NA,NA,NA,NA,NA,NA,NA
Beau Smith,2,Writer,NA,1954-12-17,1954,NA,NA,NA,United States,NA,NA,NA,NA,NA,NA,NA
Beau Willimon,2,Playwright,NA,1977-10-26,1977,NA,NA,NA,NA,NA,NA,NA,NA,NA,NA,Columbia University and Juilliard School
Ben Oliver,1,Artist,NA,NA,NA,NA,NA,NA,United Kingdom,NA,NA,NA,NA,NA,NA,NA
Ben Queen,1,Film screenwriter and TV producer,NA,NA,NA,NA,NA,NA,NA,NA,NA,NA,NA,NA,NA,NA
Ben Roberts (writer),1,American writer,NA,1916-03-23,1916,1984-05-12,1984,NA,NA,NA,NA,NA,NA,NA,NA,NA
Bernard Baily,6,Artist,NA,1916-04-05,1916,1996-01-19,1996,NA,United States,NA,NA,NA,NA,NA,NA,NA
Beth Sullivan,1,American television producer,NA,1949-08-29,1949,NA,NA,NA,NA,NA,NA,NA,NA,NA,NA,NA
Bevan Lee,4,Australian writer and television executive,NA,NA,NA,NA,NA,NA,NA,NA,NA,NA,NA,NA,NA,NA
Bill DuBay,1,Editor,NA,1948-01-11,1948,2010-04-15,2010,NA,United States,NA,NA,NA,NA,NA,NA,NA
Bill Justice,1,American animator,NA,1914-02-09,1914,2011-02-10,2011,NA,NA,NA,NA,NA,1937,NA,NA,NA
Bill Woggon,1,American cartoonist,NA,1911-01-01,1911,2003-03-02,2003,NA,NA,NA,NA,NA,NA,NA,NA,NA
Billy Tan,2,Artist,NA,NA,NA,NA,NA,NA,Malaysia,NA,NA,NA,NA,NA,NA,NA
Bob Hall (comics),2,Writer,NA,1944-10-16,1944,NA,NA,NA,NA,NA,NA,NA,NA,NA,NA,NA
Bob Haney,27,Writer,NA,1926-03-15,1926,2004-11-25,2004,NA,Americans,NA,NA,NA,NA,NA,NA,NA
Bob Rozakis,10,Writer,NA,1951-04-04,1951,NA,NA,NA,NA,NA,NA,NA,NA,NA,NA,NA
Bob Schooley,1,American screenwriter,NA,NA,NA,NA,NA,NA,NA,NA,NA,NA,NA,NA,NA,NA
Bob Wiacek,1,American comic writer,NA,1953-01-07,1953,NA,NA,NA,United States,NA,NA,NA,NA,NA,NA,NA
Bobby A. Suarez,1,Filipino film director,NA,1942-11-27,1942,2010-02-08,2010,NA,NA,NA,NA,NA,NA,NA,NA,NA
Brandon Mull,5,American fiction writer,NA,1974-11-08,1974,NA,NA,NA,United States,NA,NA,NA,2006,Young-adult fiction and Fantasy,Fablehaven (novel),Brigham Young University
Brandon Peterson,5,Writer,NA,1969-11-14,1969,NA,NA,NA,United States,NA,NA,NA,NA,NA,NA,NA
Brandon Vietti,1,Television producer and director,NA,1963-09-28,1963,NA,NA,NA,NA,NA,NA,NA,NA,NA,NA,NA
Brendan McCarthy,1,Artist,NA,NA,NA,NA,NA,NA,British people,NA,NA,NA,NA,NA,NA,NA
Brett Breeding,2,American artist,NA,1961-06-13,1961,NA,NA,NA,Citizenship in the United States,NA,NA,NA,NA,NA,NA,NA
Brian Reed,1,Writer,NA,1973-07-01,1973,NA,NA,NA,United States,NA,NA,NA,NA,NA,NA,NA
Bruce Bairnsfather,1,British artist,NA,NA,1887,NA,1959,NA,NA,NA,NA,NA,NA,NA,NA,NA
Buddhadeb Guha,1,Indian writer,NA,1936-06-29,1936,NA,NA,NA,NA,NA,NA,NA,NA,NA,NA,NA
Buzz Dixon,1,Writer,NA,1953-12-07,1953,NA,NA,NA,NA,NA,NA,NA,NA,NA,NA,NA
Byron Howard,5,American film director and animator,NA,NA,1968,NA,NA,NA,NA,NA,NA,NA,NA,NA,NA,NA
Charles Paris,2,Inker,NA,1911-09-25,1911,1994-03-19,1994,NA,NA,NA,NA,NA,NA,NA,NA,NA
Charles Soule,2,Comic writer,NA,NA,NA,NA,NA,NA,NA,NA,NA,NA,2009,NA,She-Hulk and Superman/Wonder Woman and Daredevil (Marvel Comics) and Letter_44 and Death of Wolverine,University of Pennsylvania and Columbia Law School
Charles Thorson,2,Cartoonist,NA,1890-08-29,1890,1966-08-07,1966,NA,NA,NA,NA,NA,NA,NA,NA,NA
Chris Burnham,1,Comic book artist,NA,NA,1977,NA,NA,NA,NA,NA,NA,NA,NA,NA,NA,NA
Chris Giarrusso,1,Comic book artistand cartoonist,NA,NA,NA,NA,NA,NA,NA,NA,NA,NA,NA,NA,NA,NA
Chris Hayward,1,American television writer and producer,NA,1925-06-19,1925,2006-11-20,2006,NA,NA,NA,NA,NA,NA,NA,NA,NA
Chris Roberson (author),1,American writer,NA,1970-08-25,1970,NA,NA,NA,NA,NA,NA,NA,NA,NA,NA,NA
Chris Warner (comics),1,Writer,NA,NA,NA,NA,NA,NA,NA,NA,NA,NA,NA,NA,NA,NA
Chuck Patton,8,Artist,NA,NA,NA,NA,NA,NA,NA,NA,NA,NA,NA,NA,NA,NA
Clay Mann,1,artist,NA,NA,NA,NA,NA,NA,NA,NA,NA,NA,NA,NA,NA,NA
Clayton Crain,3,Artist,NA,NA,1975,NA,NA,NA,United States,NA,NA,NA,NA,NA,NA,NA
Clayton Henry,8,Comic book artist,NA,NA,NA,NA,NA,NA,Americans,NA,NA,NA,NA,NA,NA,NA
Cliff Chiang,2,Artist,NA,NA,NA,NA,NA,NA,NA,NA,NA,NA,NA,NA,NA,NA
Colin MacNeil,1,Artist,NA,NA,NA,NA,NA,NA,British people,NA,NA,NA,NA,NA,NA,NA
Craig Johnson (author),1,American writer,NA,1961-01-16,1961,NA,NA,NA,United States,NA,NA,NA,NA,Detective fiction and Western (genre) and Crime fiction,NA,NA
Craig Kyle,5,Writer,NA,NA,NA,NA,NA,NA,United States,NA,NA,NA,NA,NA,NA,NA
Craig Rousseau,1,Artist,NA,1971-04-26,1971,NA,NA,NA,Americans,NA,NA,NA,NA,NA,NA,NA
Craig Thomas (screenwriter),6,American wcreenwriter,NA,NA,NA,NA,NA,NA,NA,NA,NA,NA,NA,NA,NA,NA
Cullen Bunn,1,American comic writer,NA,NA,NA,NA,NA,NA,NA,NA,NA,NA,NA,NA,NA,NA
Cynthia Martin,1,Cartoonist,NA,NA,NA,NA,NA,NA,NA,NA,NA,NA,NA,NA,NA,NA
Cal Dalton,2,Director,NA,NA,1908,NA,1974,NA,NA,NA,NA,NA,NA,NA,NA,NA
Carlo Vergara,1,Writer Illustrator Graphic Designer Comics Creator,NA,1971-01-25,1971,NA,NA,NA,Filipinos,NA,NA,NA,NA,NA,NA,NA
Carter Bays,6,American television writer and producer,NA,1975-08-12,1975,NA,NA,NA,NA,NA,NA,NA,1998,NA,NA,NA
Cary Burkett,1,Comic book writer,NA,NA,NA,NA,NA,NA,Americans,NA,NA,NA,NA,NA,NA,NA
Danny Kallis,6,American television producer,NA,NA,NA,NA,NA,NA,NA,NA,NA,NA,NA,NA,NA,NA
Danny McBride,1,Actor producer stand-up comedian writer,NA,1976-12-29,1976,NA,NA,NA,United States,NA,NA,NA,NA,NA,NA,NA
Danny Zialcita,1,Filipino movie director,NA,1939-11-24,1939,2013-03-10,2013,NA,NA,NA,NA,NA,NA,NA,NA,NA
Dante Quinterno,1,Artist,NA,1909-10-26,1909,2003-05-14,2003,NA,Argentina,NA,NA,NA,NA,NA,NA,NA
Darren G. Davis,2,Publisher,NA,1968-07-08,1968,NA,NA,NA,NA,NA,NA,NA,NA,NA,NA,NA
Darren Lynn Bousman,1,American film director and screenwriter,NA,1979-01-11,1979,NA,NA,NA,NA,NA,NA,NA,NA,NA,NA,NA
Darryl Banks,6,Artist,NA,NA,NA,NA,NA,NA,NA,NA,NA,NA,NA,NA,NA,NA
Dave Filoni,1,American film director,NA,1974-06-07,1974,NA,NA,NA,NA,NA,NA,NA,NA,NA,NA,NA
David A. Williams,1,American chief executive of a Charity,NA,NA,NA,NA,NA,NA,NA,NA,NA,NA,NA,NA,NA,NA
David Aja,1,Spanishcomic bookartist,NA,1977-04-16,1977,NA,NA,NA,Spain,NA,NA,NA,NA,NA,NA,NA
David Anthony Kraft,9,Writer,NA,NA,1952,NA,NA,NA,NA,NA,NA,NA,NA,NA,NA,NA
David Baron (comics),1,Americancomic bookcolorist,NA,NA,NA,NA,NA,NA,Americans,NA,NA,NA,NA,NA,NA,NA
David Callaham,1,. American screenwriter,NA,1977-10-24,1977,NA,NA,NA,NA,NA,NA,NA,NA,NA,NA,University of Michigan
David Davis (TV producer),1,Television producer television writer,NA,NA,1937,NA,NA,NA,NA,NA,NA,NA,1962,NA,NA,NA
David Hoberman,1,Film and television producer,NA,1952-09-19,1952,NA,NA,NA,NA,NA,NA,NA,1977,NA,NA,NA
David Horvath,1,Artist,NA,NA,NA,NA,NA,NA,NA,NA,NA,NA,NA,NA,NA,NA
David López (artist),1,Artist,NA,NA,1975,NA,NA,NA,Spain,NA,NA,NA,NA,NA,NA,NA
David Morrell,2,Canadian writer,NA,1943-04-24,1943,NA,NA,NA,NA,NA,NA,NA,NA,NA,First Blood (novel),St. Jeromes University and Pennsylvania State University
David Nakayama,2,Artist,NA,1978-08-15,1978,NA,NA,NA,United States,NA,NA,NA,NA,NA,NA,NA
David Quinn (writer),1,american comics writer,NA,NA,NA,NA,NA,NA,NA,NA,NA,NA,NA,NA,NA,NA
David Slack,1,American screenwriter,NA,NA,1972,NA,NA,NA,NA,NA,NA,NA,NA,NA,NA,NA
David Vern Reed,1,Comics Writer,NA,NA,1924,NA,1989,NA,NA,NA,NA,NA,NA,NA,NA,NA
David Weber,1,Author,NA,1952-10-24,1952,NA,NA,NA,NA,NA,NA,NA,NA,Alternate history and Science fiction and Fantasy,Honor Harrington and Safehold,NA
Dennis Marks (screenwriter),1,Screen writer,NA,1932-08-02,1932,2006-01-10,2006,NA,NA,NA,NA,NA,1963,NA,NA,NA
Dennis Neville,3,Co-creator of Hawkman,NA,NA,NA,NA,NA,NA,NA,NA,NA,NA,NA,NA,NA,NA
Dick Briefer,1,Artist,NA,1915-01-09,1915,NA,1980,NA,United States,NA,NA,NA,NA,NA,NA,NA
Dick Clair,1,Actor comedian writer,NA,1931-11-11 and 1931-11-12,1931,1988-12-12,1988,NA,NA,NA,NA,NA,1972,NA,NA,NA
Diederiekje Bok,1,Inventor,NA,1970-12-23,1970,NA,NA,NA,NA,NA,NA,NA,NA,NA,NA,NA
Don Hudson,1,American football player and coach,NA,1929-11-20,1929,NA,NA,NA,NA,NA,NA,NA,NA,NA,NA,NA
Don Kramer,1,American artist,NA,1969-04-06,1969,NA,NA,NA,NA,NA,NA,NA,NA,NA,NA,Illinois Wesleyan University
Donald F. Glut,3,Writer director musician actor,NA,1944-02-19,1944,NA,NA,NA,NA,NA,NA,NA,1953,NA,NA,NA
Dorothy L. Sayers,2,British woman novelist,NA,1893-06-13,1893,1957-12-17,1957,NA,England,NA,NA,NA,NA,Crime fiction,NA,NA
Doselle Young,1,Graphic novelist,NA,NA,NA,NA,NA,NA,Americans,NA,NA,NA,NA,NA,NA,NA
Doug Braithwaite,1,British comic book artist,NA,NA,NA,NA,NA,NA,NA,NA,NA,NA,NA,NA,NA,NA
Doug Hazlewood,2,Americancomic bookartist,NA,1954-09-20,1954,NA,NA,NA,United States,NA,NA,NA,NA,NA,NA,NA
Doug Wheatley,3,Canadian comicbook artist,NA,NA,NA,NA,NA,NA,NA,NA,NA,NA,NA,NA,NA,NA
Duncan Rouleau,4,Writer,NA,NA,NA,NA,NA,NA,Americans,NA,NA,NA,NA,NA,NA,NA
Dupa,1,comic artist,NA,1945-02-12,1945,2000-11-08,2000,NA,NA,NA,NA,NA,NA,NA,NA,NA
D. G. Chichester,2,Writer,NA,1964-08-22,1964,NA,NA,NA,Americans,NA,NA,NA,NA,NA,NA,NA
Damion Scott,3,Artist,NA,1976-12-28,1976,NA,NA,NA,NA,NA,NA,NA,NA,NA,NA,NA
Dan Fraga,2,Americancomic book writerand artist,NA,1973-06-19,1973,NA,NA,NA,Americans,NA,NA,NA,NA,NA,NA,NA
Dan Vado,1,Publisher,NA,1959-09-09,1959,NA,NA,NA,Americans,NA,NA,NA,NA,NA,NA,NA
Daniel Acuña,3,Spanishcomic bookartist,NA,NA,NA,NA,NA,NA,Spain,NA,NA,NA,NA,NA,NA,NA
Daniel Way,3,Writer,NA,1974-12-27,1974,NA,NA,NA,United States,NA,NA,NA,NA,NA,NA,NA
Ed McGuinness,9,Artist,NA,NA,NA,NA,NA,NA,United States,NA,NA,NA,NA,NA,NA,NA
Eddy Barrows,2,Braziliancomic book artist,NA,NA,NA,NA,NA,NA,Brazilians,NA,NA,NA,NA,NA,NA,NA
Edward Allen Bernero,3,American television director producer and writer,NA,1962-08-29,1962,NA,NA,NA,NA,NA,NA,NA,NA,NA,NA,NA
Eleanor Updale,1,British children's writer,NA,NA,1953,NA,NA,NA,NA,NA,NA,NA,2003,NA,Montmorency series,St Annes College Oxford and Queen Mary University of London
Elmer Wexler,1,Cartoonist,NA,1918-08-14,1918,2007-10-03,2007,NA,NA,NA,NA,NA,NA,NA,NA,NA
Emma Ríos,2,Spanish comic book artist,NA,1976-04-04,1976,NA,NA,NA,NA,NA,NA,NA,NA,NA,NA,NA
E.J. Altbacker,1,American screenwriter,NA,NA,NA,NA,NA,NA,NA,United States,NA,NA,NA,NA,NA,NA
Earl Duvall,1,Artist,NA,1898-04-02,1898,1969-01-07,1969,NA,NA,NA,NA,NA,NA,NA,NA,NA
Earl Mac Rauch,1,Writer and screenwriter,NA,NA,NA,NA,NA,NA,NA,NA,NA,NA,NA,NA,NA,Dartmouth College
Ed. Weinberger,1,American screenwriter,NA,NA,NA,NA,NA,NA,NA,NA,NA,NA,NA,NA,NA,NA
Ed Benedict,1,American animator,NA,1912-08-23,1912,2006-08-28,2006,NA,NA,NA,NA,NA,NA,NA,NA,NA
Eric Kripke,9,American writer television director television producer,NA,1974-04-24,1974,NA,NA,NA,NA,NA,NA,NA,NA,NA,NA,NA
Eric Luke,2,Writer,NA,NA,NA,NA,NA,NA,NA,NA,NA,NA,NA,NA,NA,NA
Eric Powell (comics),3,Writer,NA,1975-03-08,1975,NA,NA,NA,NA,NA,NA,NA,NA,NA,NA,NA
Erica Messer,1,Television writer producer and story editor.,NA,NA,NA,NA,NA,NA,NA,NA,NA,NA,NA,NA,NA,NA
Ernest Hart,1,English footballer,NA,1902-01-03,1902,1954-07-21,1954,NA,NA,NA,NA,NA,NA,NA,NA,NA
Esad Ribić,1,Comic book artist,NA,1972-11-10,1972,NA,NA,NA,Croats,NA,NA,NA,NA,NA,NA,NA
Francis Manapul,1,Artist,NA,NA,NA,NA,NA,NA,Filipino Canadians,NA,NA,NA,NA,NA,NA,NA
Francisco Coching,1,Comics artist,NA,1919-01-29,1919,1998-09-01,1998,NA,NA,NA,NA,NA,NA,NA,NA,NA
Frank Borth,1,Americancomic book artist,NA,1918-04-01,1918,2009-08-09,2009,NA,Americans,NA,NA,NA,NA,NA,NA,NA
Frank S. Pepper,2,Writer,NA,1910-02-08,1910,1988-12-11,1988,NA,NA,NA,NA,NA,NA,NA,NA,NA
Frank Thomas (comics),1,Cartoonist,NA,NA,1914,NA,1968,NA,United States,NA,NA,NA,NA,NA,NA,NA
Frank Tieri (writer),11,Writer,NA,1970-12-01,1970,NA,NA,NA,United States,NA,NA,NA,NA,NA,NA,NA
Fred Guardineer,4,Illustrator,NA,1913-10-03,1913,2002-09-13,2002,NA,United States,NA,NA,NA,NA,NA,NA,NA
Fred Van Lente,4,Writer,NA,1972-02-14,1972,NA,NA,NA,NA,NA,NA,NA,NA,NA,NA,NA
Freddie Williams II,1,American comic book artist,NA,1977-05-30,1977,NA,NA,NA,United States,NA,NA,NA,NA,NA,NA,NA
Farooq Qaiser,1,Pakistani artist writer and actor,NA,NA,NA,NA,NA,NA,NA,NA,NA,NA,NA,NA,NA,NA
Fernando Pasarin,1,Artist,NA,NA,NA,NA,NA,NA,Spain,NA,NA,NA,NA,NA,NA,NA
Foz Allan,1,British writer and producer,NA,NA,NA,NA,NA,NA,NA,NA,NA,NA,NA,NA,NA,NA
France Herron,7,Comics writer,NA,NA,1918,NA,1966,NA,United States,NA,NA,NA,NA,NA,NA,NA
Gary Scott Thompson,1,American television producer,NA,1959-10-07,1959,NA,NA,NA,NA,NA,NA,NA,NA,NA,NA,NA
George Brenner,3,American cartoonist,NA,NA,1913,NA,NA,NA,NA,NA,NA,NA,NA,NA,NA,NA
George Gladir,2,Writer,NA,1925-09-27,1925,2013-04-03,2013,NA,United States,NA,NA,NA,NA,NA,NA,NA
George Kapitan,2,Comic-book writer,NA,1919-07-23,1919,1996-11-27,1996,NA,NA,NA,NA,NA,NA,NA,NA,NA
George Kashdan,1,Americancomic book writerand editor,NA,1928-05-17,1928,2006-06-03,2006,NA,Americans,NA,NA,NA,NA,NA,NA,NA
George Mandel,1,American writer,NA,1920-02-11,1920,NA,NA,NA,NA,NA,NA,NA,NA,NA,NA,NA
George Papp,15,Artist,NA,1916-01-20,1916,1989-08-08,1989,NA,NA,NA,NA,NA,NA,NA,NA,NA
George W. Trendle,3,American writer,NA,1884-07-04,1884,1972-05-10,1972,NA,NA,NA,NA,NA,NA,NA,NA,NA
Gerry Duggan,1,Australian actor,NA,NA,1910,1992-03-27,1992,NA,NA,NA,NA,NA,1959,NA,NA,NA
Gian Luigi Bonelli,1,Writer,NA,1908-12-22,1908,2001-01-12,2001,NA,NA,NA,NA,NA,NA,NA,NA,NA
Gilbert Lawford Dalton,1,Writer,NA,NA,1904,NA,1963,NA,United Kingdom,NA,NA,NA,NA,NA,NA,NA
G. Willow Wilson,1,American comic writer,NA,1982-08-31,1982,NA,NA,NA,NA,NA,NA,NA,NA,NA,NA,NA
Gallieno Ferri,2,Artist,NA,1929-03-21,1929,NA,NA,NA,NA,NA,NA,NA,NA,NA,NA,NA
Gareth Edwards (director),1,British film director,NA,NA,1975,NA,NA,NA,NA,NA,NA,NA,2002,NA,NA,NA
Gary Carlson,4,Comic creator,NA,NA,NA,NA,NA,NA,United States,NA,NA,NA,NA,NA,NA,NA
Gary Cohn (comics),4,Writer,NA,1952-01-25,1952,NA,NA,NA,NA,NA,NA,NA,NA,NA,NA,NA
Glenn Chandler,3,British writer,NA,1949-03-12,1949,NA,NA,NA,NA,NA,NA,NA,NA,Crime fiction,Taggart,NA
Glenn Greenberg,1,Writer,NA,NA,NA,NA,NA,NA,NA,NA,NA,NA,NA,NA,NA,NA
Glenn Kessler (screenwriter),2,American actor and director,NA,1970-04-06,1970,NA,NA,NA,NA,NA,NA,NA,NA,NA,NA,NA
Glória Perez,3,Brazilian writer,NA,1948-09-25,1948,NA,NA,NA,NA,NA,NA,NA,NA,NA,NA,NA
Goran Parlov,1,Comic book artist,NA,1967-03-14,1967,NA,NA,NA,Croats,NA,NA,NA,NA,NA,NA,NA
Greg Potter,1,comic book writer,NA,NA,NA,NA,NA,NA,NA,NA,NA,NA,NA,NA,NA,NA
Gregg Hurwitz,1,Crime noveland comic writer,NA,NA,NA,NA,NA,NA,NA,NA,NA,NA,NA,Crime fiction,Punisher and Foolkiller and Penguin: Pain and Prejudice and Batman: The Dark Knight,Trinity College Oxford and Harvard University
Gy Waldron,1,American screenwriter,NA,NA,NA,NA,NA,NA,NA,NA,NA,NA,NA,NA,NA,NA
Herr Seele,1,Comedian,NA,1959-04-13,1959,NA,NA,NA,NA,NA,NA,NA,NA,Satire and Observational comedy and Surreal humour,NA,NA
Herschel Weingrod,1,American screenwriter,NA,1947-10-30,1947,NA,NA,NA,NA,NA,NA,NA,NA,NA,NA,NA
Howard Overman,9,British screenwriter,NA,NA,NA,NA,NA,NA,NA,NA,NA,NA,2005,NA,NA,NA
Hans Rosenfeldt,1,Swedish writer,NA,1964-07-13,1964,NA,NA,NA,NA,NA,NA,NA,NA,NA,NA,NA
Harris Levey,1,Artist,NA,1921-08-13,1921,1984-08-18,1984,NA,NA,NA,NA,NA,NA,NA,NA,NA
Harry Lucey,1,Artist,NA,1913-11-13,1913,1984-08-28,1984,NA,United States,NA,NA,NA,NA,NA,NA,NA
Harry Sahle,2,Artist,NA,NA,NA,NA,NA,NA,NA,NA,NA,NA,NA,NA,NA,NA
Hein Mevissen,1,Dutch film director,NA,1972-01-03,1972,NA,NA,NA,NA,NA,NA,NA,NA,NA,NA,NA
Henry Gilroy,1,American screenwriter,NA,NA,NA,NA,NA,NA,NA,NA,NA,NA,NA,NA,NA,NA
Hagai Levi,1,Israeli film director,NA,NA,1963,NA,NA,NA,NA,NA,NA,NA,NA,NA,NA,NA
Hajime Isayama,1,Manga artist,NA,1986-08-29,1986,NA,NA,NA,NA,NA,NA,NA,2006,NA,NA,NA
Hamilton Luske,1,American film director,NA,1903-10-16,1903,1968-02-19,1968,NA,NA,NA,NA,NA,1934,NA,NA,NA
Hank Steinberg,6,American businessman,NA,NA,1969,NA,NA,NA,NA,NA,NA,NA,NA,NA,NA,NA
Ian Brennan (writer),23,American television producer screenwriter and actor,NA,NA,1978,NA,NA,NA,United States,NA,NA,NA,NA,NA,NA,NA
Jess Winfield,1,American writer,NA,1961-03-08,1961,NA,NA,NA,NA,NA,NA,NA,NA,NA,NA,NA
Jim Calafiore,1,Artist,NA,NA,NA,NA,NA,NA,NA,NA,NA,NA,NA,NA,NA,NA
Jimmie Robinson,1,Artist,NA,NA,1963,NA,NA,NA,United States,NA,NA,NA,NA,NA,NA,NA
Joe Camp,1,American film director,NA,1939-04-20,1939,NA,NA,NA,NA,NA,NA,NA,NA,NA,NA,NA
Joe Connelly (producer),5,Scriptwriter,NA,1917-08-22,1917,2003-02-13,2003,NA,NA,NA,NA,NA,NA,NA,NA,NA
Joe Phillips,2,Artist,NA,1969-02-13,1969,NA,NA,NA,NA,NA,NA,NA,NA,NA,NA,NA
Joe Pruett,1,Writer,NA,NA,NA,NA,NA,NA,Americans,NA,NA,NA,NA,NA,NA,NA
James Sherman (comics),2,Artist,NA,NA,NA,NA,NA,NA,NA,NA,NA,NA,NA,NA,NA,NA
Jamie Brittain,26,British television writer,NA,1985-08-14,1985,NA,NA,NA,NA,United Kingdom and Scotland,NA,NA,NA,NA,NA,NA
Jamie McKelvie,1,Cartoonist,NA,NA,1980,NA,NA,NA,English people,NA,NA,NA,NA,NA,NA,NA
Jan Duursema,1,Artist,NA,1954-10-27,1954,NA,NA,NA,NA,NA,NA,NA,NA,NA,NA,NA
Jason Latour,1,Americancomic book artist,NA,1977-08-29,1977,NA,NA,NA,United States,NA,NA,NA,NA,NA,NA,NA
Jason Pearson,1,Comic creator,NA,NA,NA,NA,NA,NA,Americans,NA,NA,NA,NA,NA,NA,NA
Jason Rothenberg (television producer),2,American screenwriter,NA,NA,NA,NA,NA,NA,NA,NA,NA,NA,NA,NA,Body Politic (TV pilot) and The 100 (TV series),NA
Jaume Balagueró,2,Spanish film director,NA,1968-11-02,1968,NA,NA,NA,NA,NA,NA,NA,NA,NA,NA,NA
Javier Hernandez (comics),5,Artist,NA,1966-04-23,1966,NA,NA,NA,United States,NA,NA,NA,NA,NA,NA,NA
Javier Pulido,1,Artist,NA,NA,1970,NA,NA,NA,NA,NA,NA,NA,NA,NA,NA,NA
Jean-François Parot,1,French writer,NA,1946-06-27,1946,NA,NA,NA,NA,NA,NA,NA,NA,NA,NA,NA
Jean Cézard,1,French cartoonist,NA,NA,1924,NA,1977,NA,NA,NA,NA,NA,NA,NA,NA,NA
Jean Tabary,1,Artist,NA,1930-03-05,1930,2011-08-18,2011,NA,France,NA,NA,NA,NA,NA,NA,NA
Jeff Davis (writer),6,Writer TV producer,NA,1975-06-13 and 1975-07-13,1975,NA,NA,NA,NA,NA,NA,NA,NA,NA,NA,NA
Jeff Eastin,1,American screenwriter,NA,1967-03-07,1967,NA,NA,NA,NA,NA,NA,NA,1994,NA,NA,NA
Jeff Johnson (artist),2,Artist,NA,NA,NA,NA,NA,NA,NA,NA,NA,NA,NA,NA,NA,NA
Jeff Kinney (author),1,American children's writer,NA,1971-02-19,1971,NA,NA,NA,NA,NA,NA,NA,NA,NA,NA,NA
Jeff Lemire,1,Cartoonist,NA,1976-03-21,1976,NA,NA,NA,Canadians,NA,NA,NA,NA,NA,NA,NA
Jeff Lindsay (writer),8,American writer,NA,1952-07-14,1952,NA,NA,NA,NA,NA,NA,NA,1994,Mystery fiction,Dexter Morgan,Middlebury College
Jennifer Lee (filmmaker),5,American filmmaker,NA,NA,1971,NA,NA,NA,NA,NA,NA,NA,NA,NA,NA,University of New Hampshire and Columbia University School of the Arts
Jeremy Haun,1,Artist,NA,NA,NA,NA,NA,NA,NA,NA,NA,NA,NA,NA,NA,NA
Jerome Opeña,1,Comic book artist,NA,NA,NA,NA,NA,NA,NA,NA,NA,NA,NA,NA,NA,NA
Jerry Bingham,2,Artist,NA,1953-06-25,1953,NA,NA,NA,Americans,NA,NA,NA,NA,NA,NA,NA
John Francis Moore (writer),16,comic book writer,NA,NA,NA,NA,NA,NA,NA,NA,NA,NA,NA,NA,NA,NA
John Friedmann,1,American city planner,NA,NA,1926,NA,NA,NA,NA,NA,NA,NA,NA,NA,NA,NA
John J. Miller (author),1,American writer,NA,NA,1954,NA,NA,NA,NA,NA,NA,NA,NA,NA,NA,NA
John K. Snyder,1,Louisiana mayor,NA,1922-08-29,1922,1993-01-11,1993,NA,NA,NA,NA,NA,NA,NA,NA,NA
John Lounsbery,2,American animator,NA,1911-03-09,1911,1976-02-13,1976,NA,NA,NA,NA,NA,NA,NA,NA,NA
John Mulaney,1,American actor and comedian,NA,1982-08-26,1982,NA,NA,NA,NA,NA,NA,NA,NA,Observational comedy,NA,NA
John Ney Rieber,1,Writer,NA,NA,NA,NA,NA,NA,United States,NA,NA,NA,NA,NA,NA,NA
John Paul Leon,5,Artist,NA,1972-04-26,1972,NA,NA,NA,United States,NA,NA,NA,NA,NA,NA,NA
John Ridgway (comics),2,Comic artist,NA,1940-05-04,1940,NA,NA,NA,NA,NA,NA,NA,NA,NA,NA,NA
John Rozum,1,Writer and Blogger,NA,NA,NA,NA,NA,NA,NA,NA,NA,NA,NA,NA,NA,NA
John Verpoorten,1,Artist,NA,1940-05-15,1940,NA,1977,NA,United States,NA,NA,NA,NA,NA,NA,NA
John Warner (comics),3,American comics writer,NA,1952-12-03,1952,NA,NA,NA,United States,NA,NA,NA,NA,NA,NA,NA
Jonathan Hickman,5,Writer,NA,NA,NA,NA,NA,NA,Americans,NA,NA,NA,NA,NA,NA,NA
Joshua Safran,1,American television producer,NA,NA,NA,NA,NA,NA,NA,NA,NA,NA,NA,NA,NA,NA
Josip Vandot,1,Slovenian writer,NA,1884-01-15,1884,1944-07-11,1944,NA,Slovenes,NA,NA,NA,NA,NA,NA,NA
José Delbo,2,Comic book artist,NA,1933-12-09,1933,NA,NA,NA,Argentines,NA,NA,NA,NA,NA,NA,NA
José Rizal,2,Filipino activist,NA,1861-06-19,1861,1896-12-30,1896,NA,NA,NA,NA,NA,NA,NA,NA,Complutense University of Madrid and Ateneo de Manila University and University of Santo Tomas
Julie Plec,2,American screenwriter,NA,1972-05-26,1972,NA,NA,NA,United States,NA,NA,NA,1996,NA,Kyle XY and Scream (franchise) and The Vampire Diaries and The Originals (TV series),Northwestern University
Jun Fukuda,5,Japanese film director,NA,1923-02-17,1923,2000-12-03,2000,NA,NA,NA,NA,NA,NA,NA,NA,NA
Junot Díaz,1,American writer of Dominican Republic descent,NA,1968-12-31,1968,NA,NA,NA,NA,NA,NA,NA,1997,NA,NA,NA
Justin Gray,10,Americancomic book writer,NA,NA,NA,NA,NA,NA,Americans,NA,NA,NA,NA,NA,NA,NA
Justiniano,2,Artist,NA,NA,NA,NA,NA,NA,NA,NA,NA,NA,NA,NA,NA,NA
J. J. Philbin,1,American television producer and writer,NA,1974-08-30,1974,NA,NA,NA,NA,NA,NA,NA,NA,NA,NA,NA
Jack Binder (artist),3,Comic creator,NA,1902-08-11,1902,1986-03-06,1986,NA,NA,NA,NA,NA,NA,NA,NA,NA
Jack C. Harris,4,Writer,NA,1947-08-30,1947,NA,NA,NA,Americans,NA,NA,NA,NA,NA,NA,NA
Jack Heath,1,Australian writer,NA,1986-08-23,1986,NA,NA,NA,NA,NA,NA,NA,NA,Young-adult fiction,NA,NA
Jack LoGiudice,1,American television writer and producer,NA,NA,NA,NA,NA,NA,NA,NA,NA,NA,1987,NA,NA,NA
Jack Sparling,3,Artist,NA,1916-06-21,1916,NA,NA,NA,NA,NA,NA,NA,NA,NA,NA,NA
Jamal Igle,2,Artist,NA,NA,1972,NA,NA,NA,United States,NA,NA,NA,NA,NA,NA,NA
James D. Parriott,1,American film director,NA,1950-11-14,1950,NA,NA,NA,United States,NA,NA,NA,NA,NA,NA,NA
James Fry,1,Australian writer,NA,1982-12-02,1982,NA,NA,NA,NA,NA,NA,NA,NA,NA,NA,NA
Åke Holmberg,1,Swedish writer,NA,1907-05-31,1907,1991-09-09,1991,NA,Swedish language,NA,NA,NA,1946,Children's literature,Tam Sventon,NA
Kalman Andrasofszky,1,Canadian artist writer designer entrepreneur,NA,1975-08-21,1975,NA,NA,NA,NA,NA,NA,NA,NA,NA,NA,NA
Kamagurka,2,cartoonist playwright television producer,NA,1956-05-05,1956,NA,NA,NA,NA,NA,NA,NA,NA,NA,NA,NA
Karen Chance,1,American writer,NA,NA,NA,NA,NA,NA,NA,NA,NA,NA,NA,NA,NA,NA
Kass Morgan,1,American writer,NA,NA,NA,NA,NA,NA,United States,NA,NA,NA,NA,Science fiction and Apocalyptic and post-apocalyptic fiction and Young-adult fiction and Dystopia,The 100 trilogy,NA
Katherine Fugate,7,American screenwriter and producer,NA,1965-07-14,1965,NA,NA,NA,NA,NA,NA,NA,1996,NA,NA,NA
Kazuki Ōmori,3,Japanese film director,NA,1952-03-03,1952,NA,NA,NA,NA,NA,NA,NA,NA,NA,NA,NA
Kelly Sue DeConnick,3,American writer,NA,1970-07-15,1970,NA,NA,NA,NA,NA,NA,NA,NA,NA,NA,NA
Ken Bald,1,Illustrator,NA,1920-08-01,1920,NA,NA,NA,NA,NA,NA,NA,NA,NA,NA,NA
Ken Kuronuma,2,Japanese writer,NA,1902-05-01,1902,1985-07-05,1985,NA,NA,Japan,NA,NA,NA,NA,NA,NA
Ken Wheat,1,American screenwriter,NA,NA,1950,NA,NA,NA,NA,NA,NA,NA,NA,NA,NA,NA
Keron Grant,8,Artist,NA,1976-08-23,1976,NA,NA,NA,Jamaican Americans,NA,NA,NA,NA,NA,NA,NA
Kerry Gammill,6,Artist,NA,1954-04-26,1954,NA,NA,NA,Americans,NA,NA,NA,NA,NA,NA,NA
Kerry Greenwood,1,Australian crime writer,NA,1954-06-17,1954,NA,NA,NA,NA,NA,NA,NA,NA,NA,NA,University of Melbourne
Kev Hopgood,1,Comic book artist,NA,1961-08-25,1961,NA,NA,NA,British people,NA,NA,NA,NA,NA,NA,NA
Kim Henkel,1,American film director producer and screenwriter,NA,1946-01-19,1946,NA,NA,NA,NA,NA,NA,NA,NA,NA,NA,NA
Klaus Nordling,1,Writer,NA,1910-05-29,1910,1986-11-19,1986,NA,United States,NA,NA,NA,NA,NA,NA,NA
Kyle Hotz,4,Americancomic book artistand writer,NA,NA,NA,NA,NA,NA,United States,NA,NA,NA,NA,NA,NA,NA
Kyle Killen,3,Television producer and writer,NA,NA,NA,NA,NA,NA,NA,NA,NA,NA,2010,NA,NA,NA
K. Madhu,2,Film director,NA,NA,NA,NA,NA,NA,NA,NA,NA,NA,NA,NA,NA,NA
Lucy Prebble,2,British playwright,NA,NA,1981,NA,NA,NA,NA,NA,NA,NA,NA,NA,NA,NA
Luke Ross,1,Artist,NA,1972-07-18,1972,NA,NA,NA,NA,NA,NA,NA,NA,NA,NA,NA
Laeta Kalogridis,1,American screenwriter producer,NA,1965-08-30,1965,NA,NA,NA,NA,NA,NA,NA,NA,NA,NA,University of Texas at Austin and UCLA School of Theater Film and Television
Laren Bright,2,American television writer,NA,NA,NA,NA,NA,NA,NA,NA,NA,NA,NA,NA,NA,NA
Larry Stroman,2,American comic book artist and writer,NA,NA,NA,NA,NA,NA,Americans,NA,NA,NA,NA,NA,NA,NA
Larry White,1,American baseball player,NA,1958-09-25,1958,NA,NA,NA,NA,NA,NA,NA,NA,NA,NA,NA
Lars Mortimer,1,Swedish cartoonist,NA,1946-03-22,1946,2014-08-25,2014,NA,NA,NA,NA,NA,NA,NA,NA,NA
Laura Molina (artist),1,Artist,NA,1957-12-15,1957,NA,NA,NA,NA,NA,NA,NA,NA,NA,NA,NA
Lauren Elliott,1,American game designer,NA,1946-08-29,1946,NA,NA,NA,NA,NA,NA,NA,NA,NA,NA,NA
Len Strazewski,4,Writer,NA,NA,NA,NA,NA,NA,NA,NA,NA,NA,NA,NA,NA,NA
Leo Benvenuti and Steve Rudnick,1,Screenwriters,NA,NA,NA,NA,NA,NA,NA,NA,NA,NA,NA,NA,NA,NA
Leo Dorfman,1,Writer,NA,1914-02-17,1914,1974-07-09,1974,NA,NA,NA,NA,NA,NA,NA,NA,NA
Les Clark,2,American animator,NA,1907-11-17,1907,1979-09-12,1979,NA,NA,NA,NA,NA,NA,NA,NA,NA
Leslie Bohem,1,Screenwriter,NA,1951-09-25,1951,NA,NA,NA,NA,NA,NA,NA,NA,NA,NA,NA
Lew Schwartz,2,Artist,NA,1926-07-24,1926,2011-06-18,2011,NA,NA,NA,NA,NA,NA,NA,NA,NA
Lewis Carroll,27,Author mathematician and clergyman,NA,1832-01-27,1832,1898-01-14,1898,NA,NA,NA,NA,NA,NA,Linear algebra and Mathematical logic and Poetry and Childrens literature and Fantasy literature and Voting system and Literary nonsense,Through the Looking-Glass and The Hunting of the Snark and Alices Adventures in Wonderland and Jabberwocky,NA
Linda Woolverton,5,American screenwriter,NA,1952-12-19,1952,NA,NA,NA,NA,NA,NA,NA,NA,NA,NA,California State University Long Beach and California State University Fullerton
Louis Cazeneuve,1,Artist,NA,1908-08-08,1908,NA,1977,NA,NA,NA,NA,NA,NA,NA,NA,NA
Louis Ferstadt,1,Artist,NA,NA,1900,NA,1954,NA,United States,United States,NA,NA,NA,NA,NA,NA
M. D. Bright,6,Artist,NA,NA,1955,NA,NA,NA,NA,NA,NA,NA,NA,NA,NA,NA
Maggie Stiefvater,1,American writer,NA,1981-11-18,1981,NA,NA,NA,NA,NA,NA,NA,NA,Young-adult fiction and Fantasy,NA,NA
Mahmud A. Asrar,2,Pakistani-Austriancomic bookartist,NA,1976-11-20,1976,NA,NA,NA,Pakistanis,NA,NA,NA,NA,NA,NA,NA
Major Ravi,1,Indian actor,NA,1953-04-01 and 1958-06-13,1953,NA,NA,NA,NA,NA,NA,NA,1995,NA,NA,NA
Malcolm Judge,1,Cartoonist,NA,NA,1918,1989-01-17,1989,NA,NA,NA,NA,NA,NA,NA,NA,NA
Manuel García Ferré,1,Animation director,NA,1929-10-08,1929,2013-03-28,2013,NA,NA,NA,NA,NA,NA,NA,NA,NA
Marc Andreyko,2,Writer,NA,1970-06-20,1970,NA,NA,NA,United States,NA,NA,NA,NA,NA,NA,NA
Marc Brown (author),1,American writer,NA,1945-11-25 and 1946-11-25,1945,NA,NA,NA,United States,NA,NA,NA,NA,Childrens literature and Television program,NA,NA
Marcos Martín,3,Artist,NA,NA,1972,NA,NA,NA,Spain,NA,NA,NA,NA,NA,NA,NA
Matthew Reilly,2,Australian writer,NA,1974-07-02,1974,NA,NA,NA,NA,NA,NA,NA,NA,Thriller (genre) and Action (fiction),NA,NA
Matthew Sturges,3,Writer,NA,1970-10-02,1970,NA,NA,NA,United States,NA,NA,NA,NA,NA,NA,NA
Maureen Jennings,1,Canadian writer,NA,NA,1939,NA,NA,NA,NA,Canada,NA,NA,NA,NA,NA,NA
Mel Rubi,1,Artist,NA,NA,NA,NA,NA,NA,United States,NA,NA,NA,NA,NA,NA,NA
Meredith Stiehm,4,American television personality,NA,NA,1969,NA,NA,NA,NA,NA,NA,NA,NA,NA,NA,NA
Michael G. Moye,1,Television writerTelevision producerPhotographer,NA,1954-08-11,1954,NA,NA,NA,NA,NA,NA,NA,NA,NA,NA,NA
Michael Gaydos,2,Americancomicsartist,NA,NA,NA,NA,NA,NA,United States,NA,NA,NA,NA,NA,NA,NA
Michael K. Frith,1,British artist and director,NA,1941-07-08,1941,NA,NA,NA,NA,NA,NA,NA,NA,NA,NA,NA
Michael Ryan (artist),4,Commic book artist,NA,NA,NA,NA,NA,NA,NA,NA,NA,NA,NA,NA,NA,NA
Michelle King,1,AMerican television producer,NA,NA,NA,NA,NA,NA,NA,NA,NA,NA,NA,NA,NA,NA
Mike Barker (producer),4,American film producer,NA,1968-06-07,1968,NA,NA,NA,NA,NA,NA,NA,1999,NA,NA,NA
Mike Bullen,1,TELEVISION SCREENWRITER,NA,1960-01-13,1960,NA,NA,NA,NA,NA,NA,NA,1994,NA,Cold Feet and Life Begins (TV series),NA
Mike Carlin,4,Americancomic bookwriter and editor,NA,1958-10-06,1958,NA,NA,NA,Americans,NA,NA,NA,NA,NA,NA,NA
Mike Collins (comics),1,Comic artist,NA,NA,1961,NA,NA,NA,NA,NA,NA,NA,NA,NA,NA,NA
Mike Costa,1,Americancomic bookwriter,NA,NA,NA,NA,NA,NA,NA,NA,NA,NA,NA,NA,NA,NA
Mike Esposito (comics),4,Comic=book inker best known for Wonder Woman and Spider-Man collaborations with penciler Ross Andru,NA,1927-07-14,1927,2010-10-24,2010,NA,United States,NA,NA,NA,NA,NA,NA,NA
Margarito C. Garza,1,American judge,NA,1931-10-29,1931,1995-11-15,1995,NA,NA,NA,NA,NA,NA,NA,NA,NA
Mario Gully,1,Americancomic book artist,NA,NA,NA,NA,NA,NA,Americans,NA,NA,NA,NA,NA,NA,NA
Mark Brooks (comics),5,Comic artist,NA,1973-04-12,1973,NA,NA,NA,NA,NA,NA,NA,NA,NA,NA,NA
Mark Fergus and Hawk Ostby,1,American screenwriters,NA,NA,NA,NA,NA,NA,NA,NA,NA,NA,NA,NA,NA,NA
Mark Henn,1,American animator,NA,NA,NA,NA,NA,NA,NA,NA,NA,NA,NA,NA,NA,NA
Mark McCorkle,2,American television writer and producer,NA,NA,NA,NA,NA,NA,NA,NA,NA,NA,NA,NA,NA,NA
Marko Djurdjević,2,Illustrator,NA,1979-01-23,1979,NA,NA,NA,NA,NA,NA,NA,NA,NA,NA,NA
Mary Skrenes,1,Writer,NA,NA,NA,NA,NA,NA,United States,NA,NA,NA,NA,NA,NA,NA
Mike Harris (comics),1,Comic artist,NA,NA,1962,NA,NA,NA,Americans,NA,NA,NA,NA,NA,NA,NA
Mike Kelley (writer),4,American television writer and producer,NA,NA,1967,NA,NA,NA,NA,NA,NA,NA,NA,NA,NA,NA
Mike McKone,8,Comic artist,NA,NA,NA,NA,NA,NA,United Kingdom,NA,NA,NA,NA,NA,NA,NA
Mike Norton,1,Comic artist,NA,NA,NA,NA,NA,NA,NA,NA,NA,NA,NA,NA,NA,NA
Mike Perkins,2,British comics artist,NA,NA,NA,NA,NA,NA,NA,NA,NA,NA,NA,NA,NA,NA
Mike S. Miller,1,Illustrator,NA,NA,1971,NA,NA,NA,United States,NA,NA,NA,NA,NA,NA,NA
Mike Vosburg,3,American comics artist,NA,NA,1947,NA,NA,NA,United States,NA,NA,NA,NA,NA,NA,NA
Mitch Brian,1,American screenwriter,NA,1961-10-15,1961,NA,NA,NA,NA,NA,NA,NA,NA,NA,NA,NA
Mitchell Burgess,2,American writer and producer,NA,NA,NA,NA,NA,NA,NA,NA,NA,NA,NA,NA,The Sopranos and Blue Bloods (TV series),NA
Miyuki Okumura,1,Cinnamoroll designer,NA,NA,NA,NA,NA,NA,NA,NA,NA,NA,NA,NA,NA,NA
Morris (cartoonist),1,cartoonist,NA,1923-12-01,1923,2001-07-16,2001,NA,Belgium,NA,NA,NA,NA,NA,NA,NA
Mukul S. Anand,1,Indian director and producer,NA,1951-10-11,1951,1997-09-07,1997,NA,NA,NA,NA,NA,NA,NA,NA,NA
Nat Gertler,1,Writer,NA,NA,NA,NA,NA,NA,United States,NA,NA,NA,NA,NA,NA,NA
Nathan Edmondson,1,Comic book writer,NA,NA,NA,NA,NA,NA,NA,NA,NA,NA,NA,NA,NA,NA
Nathan Greno,3,American film director and animator,NA,NA,NA,NA,NA,NA,NA,NA,NA,NA,NA,NA,NA,Columbus College of Art and Design
Neil Cross,1,New Zealand writer,NA,1969-02-09 and 1969-09-02,1969,NA,NA,NA,NA,NA,NA,NA,NA,NA,Doctor Who and Spooks and Luther (TV series),NA
Nestor Redondo,4,Comic artist,NA,1928-05-04,1928,1995-12-30,1995,NA,Filipinos,NA,NA,NA,NA,NA,NA,NA
Nic Pizzolatto,1,American writer,NA,1975-10-18,1975,NA,NA,NA,NA,NA,NA,NA,NA,NA,True Detective (TV series),Louisiana State University and University of Arkansas
Nicholas Stoller,1,British screenwriter,NA,1976-03-19,1976,NA,NA,NA,NA,NA,NA,NA,NA,NA,NA,NA
Nikolay Chernyshevsky,1,Russian critic philosopher writer and magazine editor,NA,1828-07-12,1828,1889-10-17,1889,NA,NA,NA,NA,NA,NA,NA,NA,NA
Norm Rapmund,1,Comic inker,NA,NA,NA,NA,NA,NA,NA,NA,NA,NA,NA,NA,NA,NA
Đorđe Lobačev,1,Russian and Yugoslav comic strip author,NA,1909-03-04,1909,2002-07-23,2002,NA,Russians,NA,NA,NA,NA,NA,NA,NA
Oliver Goldstick,1,American television producer and screenwriter,NA,1961-01-09,1961,NA,NA,NA,NA,NA,NA,NA,NA,NA,NA,NA
Oliver Stone,4,Americanfilm directorandscreenwriter,NA,1946-09-15,1946,NA,NA,NA,NA,NA,NA,Buddhism,1971,NA,NA,Yale University and New York University
Patrick Lussier,1,Canadian film director,NA,NA,1964,NA,NA,NA,NA,NA,NA,NA,NA,NA,NA,NA
Patrick Ness,1,American-British novelist and children's writer,NA,1971-10-17,1971,NA,NA,NA,NA,NA,NA,NA,NA,NA,NA,NA
Patrick Scherberger,1,Comic artist,NA,NA,NA,NA,NA,NA,NA,NA,NA,NA,NA,NA,NA,NA
Paul Donovan (writer),1,television and film writer director and producer,NA,1954-06-26,1954,NA,NA,NA,NA,NA,NA,NA,NA,NA,NA,NA
Paul Gross,2,Film Actor Film Producer Film Writer music composer Film Director,NA,1959-04-30,1959,NA,NA,NA,NA,NA,NA,NA,1985,NA,NA,NA
Paul Pelletier,5,Comic artist,NA,NA,NA,NA,NA,NA,Americans,NA,NA,NA,NA,NA,NA,NA
Paul Redford,3,American television writer,NA,NA,NA,NA,NA,NA,NA,NA,NA,NA,NA,NA,NA,NA
Paul Ryan (cartoonist),11,Comic artist,NA,1949-09-23,1949,NA,NA,NA,Americans,NA,NA,NA,NA,NA,NA,NA
Paul Smith (animator),1,American animator,NA,1906-03-15,1906,1980-11-17,1980,NA,NA,NA,NA,NA,NA,NA,NA,NA
Pendleton Ward,5,American animator,NA,1982-07-08,1982,NA,NA,NA,United States,NA,NA,NA,2005,Science fiction and Adventure and Science fantasy and Comedy-drama,Adventure Time and Bravest Warriors,NA
Percy Keese Fitzhugh,1,American writer,NA,1876-09-07,1876,1950-07-05,1950,NA,NA,NA,NA,NA,NA,NA,NA,NA
Peter Blake (writer),1,American television producer,NA,NA,NA,NA,NA,NA,NA,NA,NA,NA,NA,NA,NA,NA
Peter Cannon,1,American scholar,NA,NA,NA,NA,NA,NA,NA,NA,NA,NA,NA,NA,NA,NA
Peter Gould (writer),1,American television writer and producer,NA,NA,NA,NA,NA,NA,United States,NA,NA,NA,NA,NA,Breaking Bad and Too Big to Fail (film) and Better Call Saul,University of Southern California and Sarah Lawrence College
Peter Gross (comics),1,Americancomic bookwriter,NA,NA,NA,NA,NA,NA,Americans,NA,NA,NA,NA,NA,NA,NA
Peter Lord,1,British animator,NA,1953-11-04,1953,NA,NA,NA,NA,NA,NA,NA,NA,NA,Wallace and Gromit and The Pirates! In an Adventure with Scientists!,NA
Peter Nowalk,1,American screenwriter,NA,NA,NA,NA,NA,NA,NA,NA,NA,NA,NA,NA,NA,NA
Peter S. Fischer,1,American writer and television producer,NA,NA,1935,NA,NA,NA,United States,NA,NA,NA,NA,NA,NA,NA
Peter Tolan,1,American television director,NA,1958-07-05,1958,NA,NA,NA,NA,NA,NA,NA,1989,NA,NA,NA
Peyami Safa,1,Turkish writer,NA,NA,1899,1961-06-15,1961,NA,Turkey,NA,NA,NA,NA,NA,Cingöz Recai,NA
Paco Plaza,2,film director,NA,NA,1973,NA,NA,NA,Spain,NA,NA,NA,NA,NA,NA,NA
Pat Masulli,2,American comic creator,NA,1930-07-31,1930,1998-06-10,1998,NA,United States,NA,NA,NA,NA,NA,NA,NA
Pres Romanillos,1,American animator,NA,1963-01-11,1963,2010-07-17,2010,NA,NA,NA,NA,NA,1989,NA,NA,NA
Rob Worley,1,American writer,NA,NA,NA,NA,NA,NA,NA,NA,NA,NA,NA,NA,NA,NA
Robert D. San Souci,1,Children's writer,NA,NA,NA,NA,NA,NA,NA,United States,NA,NA,NA,NA,NA,NA
Robert King (writer),1,American television producer and writer,NA,NA,NA,NA,NA,NA,NA,NA,NA,NA,NA,NA,NA,NA
Robert Kinoshita,1,American artist,NA,1914-02-24,1914,2014-12-09,2014,NA,NA,NA,NA,NA,NA,NA,NA,NA
Robert Kurtzman,4,American film director,NA,1964-11-25,1964,NA,NA,NA,NA,NA,NA,NA,NA,NA,NA,NA
Robert L. May,1,American writer,NA,1905-07-27,1905,1976-08-10,1976,NA,NA,NA,NA,NA,NA,NA,NA,NA
Robert L. Washington III,4,American comic writer,NA,1964-11-29,1964,2012-06-07,2012,NA,NA,NA,NA,NA,NA,NA,NA,NA
Robert Mark Kamen,2,American screenwriter,NA,NA,NA,NA,NA,NA,NA,NA,NA,NA,1981,NA,NA,NA
Robert Maxwell (producer),8,Radio and television producer screenwriter,NA,1908-01-31,1908,1971-02-03,1971,NA,NA,NA,NA,NA,NA,NA,NA,NA
Robert N. Skir,1,American animator,NA,NA,NA,NA,NA,NA,NA,NA,NA,NA,NA,NA,NA,NA
Robert Rodi,1,Writer,NA,NA,1956,NA,NA,NA,NA,NA,NA,NA,NA,NA,NA,NA
Rocky Morton,1,British film and television director,NA,NA,1955,NA,NA,NA,NA,NA,NA,NA,NA,NA,NA,NA
Roger Kumble,1,Film director screenwriter,NA,1966-05-28,1966,NA,NA,NA,NA,NA,NA,NA,1994,NA,NA,NA
Roger McKenzie (comics),6,American comic writer,NA,NA,NA,NA,NA,NA,United States,NA,NA,NA,NA,NA,NA,NA
Ron Garney,5,Comic book artist,NA,NA,NA,NA,NA,NA,NA,NA,NA,NA,NA,NA,NA,NA
Ron Leavitt,1,American screenwriter,NA,1947-11-07,1947,2008-02-10,2008,NA,NA,NA,NA,NA,NA,NA,NA,NA
Ron Randall,1,Comic book artist,NA,1956-11-22,1956,NA,NA,NA,Americans,NA,NA,NA,NA,NA,NA,NA
Ron Wilson (comics),11,American comics artist,NA,NA,NA,NA,NA,NA,United States,NA,NA,NA,NA,NA,NA,NA
Ronald Shusett,2,American screenwriter,NA,NA,NA,NA,NA,NA,NA,NA,NA,NA,NA,NA,NA,NA
Roy Thomas (artist),1,Canadian painter,NA,NA,1949,2004-11-13,2004,NA,Canada,NA,NA,NA,NA,NA,NA,NA
Ruben Moreira,3,Puerto Rican comic artist,NA,1922-07-27,1922,1984-05-21,1984,NA,NA,NA,NA,NA,NA,NA,NA,NA
Ryan Coogler,1,Film director,NA,1986-05-23,1986,NA,NA,NA,NA,NA,NA,NA,NA,NA,NA,USC School of Cinematic Arts and California State University Sacramento
Ryan Stegman,2,comic artist,NA,NA,NA,NA,NA,NA,NA,NA,NA,NA,NA,NA,NA,NA
Ram Waeerkar,1,Comics artist,NA,NA,NA,NA,2003,NA,NA,NA,NA,NA,NA,NA,NA,NA
Ray Gill,1,English footballer,NA,1924-12-08,1924,2001-09-17,2001,NA,NA,NA,NA,NA,NA,NA,NA,NA
Reilly Brown,1,Comic book artist writer,NA,1981-08-05,1981,NA,NA,NA,NA,NA,NA,NA,NA,NA,NA,NA
Rhode Montijo,1,Comic artist,NA,NA,1973,NA,NA,NA,Mexican Americans,NA,NA,NA,NA,NA,NA,NA
Richard Bennett Lamas,1,Uruguayan artist,NA,1968-04-25,1968,NA,NA,NA,Uruguay,NA,NA,NA,NA,NA,NA,NA
Richard Burton (comics),1,British comic editor,NA,NA,NA,NA,NA,NA,United Kingdom,NA,NA,NA,NA,NA,NA,NA
Richard Case,3,Americancomics artist,NA,NA,1964,NA,NA,NA,Americans,NA,NA,NA,NA,NA,NA,NA
Richard Comely,1,Artist Creator Entrepreneur,NA,1953-10-09,1953,NA,NA,NA,Canada,NA,NA,NA,NA,NA,NA,NA
Richard Dominguez,6,Comic artist,NA,1960-09-22,1960,NA,NA,NA,United States,NA,NA,NA,NA,NA,NA,NA
Richard Howell (comics),1,Comic book artist,NA,1955-11-16,1955,NA,NA,NA,Americans,NA,NA,NA,NA,NA,NA,NA
Richard Lipez,1,American writer,NA,1938-11-30,1938,NA,NA,NA,NA,NA,NA,NA,NA,Detective fiction and Journalist and Columnist and Mystery fiction,NA,NA
Richard O'Donnell (playwright),1,American actor and writer,NA,1956-06-17,1956,NA,NA,NA,NA,NA,NA,NA,1976,NA,NA,NA
Rick Hoberg,2,American comic artist,NA,1952-07-07,1952,NA,NA,NA,Americans,NA,NA,NA,NA,NA,NA,NA
Rick Remender,4,Comic writer,NA,1973-02-06,1973,NA,NA,NA,Americans,NA,NA,NA,NA,NA,NA,NA
R. M. Fink,1,Screenwriter,NA,NA,NA,NA,NA,NA,NA,NA,NA,NA,NA,NA,NA,NA
Rafael Navarro,1,Comic artist,NA,NA,NA,NA,NA,NA,NA,NA,NA,NA,NA,NA,NA,NA
Rajkumar Hirani,1,Indian film director,NA,1962-11-20,1962,NA,NA,Sindhis,NA,NA,NA,NA,NA,NA,NA,NA
Óscar Pinto,1,Portuguese fencer,NA,1962-04-20,1962,NA,NA,NA,NA,NA,NA,NA,NA,NA,NA,NA
Sara Pichelli,1,Comic artist,NA,NA,1983,NA,NA,NA,NA,NA,NA,NA,NA,NA,NA,NA
Sara Shepard,6,Author,NA,1977-04-08,1977,NA,NA,NA,NA,NA,NA,NA,2005,Thriller (genre) and Young-adult fiction and Mystery fiction,Pretty Little Liars,Brooklyn College and New York University
Scooter Braun,1,American talent agent,NA,1981-06-18 and 1981-07-08,1981,NA,NA,NA,NA,NA,NA,NA,2003,Pop music and Rhythm and blues and Hip hop music and Dance music,NA,NA
Scot Eaton,3,Comic book artist,NA,NA,NA,NA,NA,NA,NA,NA,NA,NA,NA,NA,NA,NA
Scott Fellows,1,American television producer,NA,1965-06-05 and 1965-09-28,1965,NA,NA,NA,NA,NA,NA,NA,1993,NA,NA,NA
Scott Kolins,9,American illustrator,NA,NA,1968,NA,NA,NA,NA,NA,NA,NA,NA,NA,NA,NA
Scott Spiegel,1,American film director,NA,1957-12-24,1957,NA,NA,NA,NA,NA,NA,NA,NA,NA,NA,NA
Sean Vanaman,2,American computer games designer,NA,1984-06-16,1984,NA,NA,NA,NA,NA,NA,NA,NA,NA,NA,NA
Sergio Bonelli,2,Italian comic writer,NA,1932-12-02,1932,2011-09-26,2011,NA,NA,NA,NA,NA,NA,NA,NA,NA
Seymour Kneitel,1,American animator,NA,1908-03-16,1908,1964-07-30,1964,NA,NA,NA,NA,NA,NA,NA,NA,NA
Seymour Reit,1,Writer cartoonist,NA,1918-11-11,1918,2001-11-21,2001,NA,NA,NA,NA,NA,NA,NA,Casper the Friendly Ghost,New York University
Shane Davis,1,comic book artist,NA,NA,NA,NA,NA,NA,NA,NA,NA,NA,NA,NA,NA,NA
Silvio Horta,12,American television producer and writer,NA,1974-08-14,1974,NA,NA,NA,Cuban Americans,NA,NA,NA,1998,NA,NA,NA
Simon Beaufoy,1,British screenwriter,NA,NA,1967,NA,NA,NA,NA,NA,NA,NA,NA,NA,NA,NA
Simone Bianchi (artist),2,Italiancomic bookillustrator painter andgraphic designer,NA,1972-07-10,1972,NA,NA,NA,Italians,NA,NA,NA,NA,NA,NA,NA
Skip Williamson,1,American cartoonist,NA,1944-08-19,1944,NA,NA,NA,NA,NA,NA,NA,NA,NA,NA,NA
Skottie Young,1,American comics artist,NA,1978-04-03,1978,NA,NA,NA,United States,NA,NA,NA,NA,NA,NA,NA
Sonny Liew,1,Malaysian comic artist,NA,1974-09-26,1974,NA,NA,NA,NA,NA,NA,NA,NA,NA,NA,NA
Stan Daniels,1,Screenwriter producer director,NA,1934-07-31,1934,2007-04-06,2007,NA,NA,NA,NA,NA,NA,NA,NA,NA
Stanley Weiser,1,American screenwriter,NA,NA,NA,NA,NA,NA,NA,NA,NA,NA,NA,NA,NA,NA
Staz Johnson,3,Englishcomic book artistandpenciller,NA,1965-08-12,1965,NA,NA,NA,English people,NA,NA,NA,NA,NA,NA,NA
Stefano Caselli,9,Italian comic artist,NA,1978-02-21,1978,NA,NA,NA,Italians,NA,NA,NA,NA,NA,NA,NA
Stephanie Savage,10,Canadian screenwriter,NA,NA,1969,NA,NA,NA,Canada,NA,NA,NA,NA,NA,The O.C. and Fastlane (TV series) and Gossip Girl,NA
Stephen Susco,1,American screenwriter,NA,NA,NA,NA,NA,NA,NA,NA,NA,NA,NA,NA,NA,University of Notre Dame
Sterling Gates,2,Americancomic book writer,NA,1981-03-01,1981,NA,NA,NA,Americans,NA,NA,NA,NA,NA,NA,NA
Steve Crompton,1,Canadian artist,NA,NA,1962,NA,NA,NA,NA,NA,NA,NA,NA,NA,NA,NA
Steve Erwin,2,Comic Artist,NA,1960-01-16,1960,NA,NA,NA,Americans,NA,NA,NA,NA,NA,NA,NA
Steve Franks,6,American television director producer and writer,NA,NA,NA,NA,NA,NA,United States,NA,NA,NA,NA,NA,NA,University of California Irvine and Loyola Marymount University
Steve Gan,3,Chinese-born Filipino artist,NA,1945-05-22,1945,NA,NA,NA,NA,NA,NA,NA,NA,NA,NA,NA
Steve Grant,1,American football player,NA,1969-12-23,1969,NA,NA,NA,NA,NA,NA,NA,NA,NA,NA,NA
Steve Leialoha,6,American comic artist,NA,1952-01-27,1952,NA,NA,NA,Americans,NA,NA,NA,NA,NA,NA,NA
Steve Uy,2,American comic artist,NA,1979-01-11,1979,NA,NA,NA,NA,NA,NA,NA,NA,NA,NA,NA
Steven E. Gordon,1,Animator film director,NA,1960-03-23,1960,NA,NA,NA,NA,NA,NA,NA,NA,NA,NA,NA
Steven Hughes,3,American artist,NA,1954-02-12,1954,2000-02-18,2000,NA,United States,NA,NA,NA,NA,NA,NA,NA
S. N. Swamy,2,Screenwriter who works in Malayalam cinema,NA,NA,NA,NA,NA,NA,NA,NA,NA,NA,NA,NA,NA,NA
Sana Amanat,1,Comic book editor,NA,NA,NA,NA,NA,NA,NA,NA,NA,NA,NA,NA,NA,NA
Sandy Jimenez,1,American comic artist,NA,1968-03-08,1968,NA,NA,NA,United States,NA,NA,NA,NA,NA,NA,NA
Sanjay Gupta (comics),3,Artist,NA,1966-12-07,1966,NA,NA,NA,NA,NA,NA,NA,NA,NA,NA,NA
Stieg Larsson,2,Swedish writer and journalist,NA,1954-08-15,1954,2004-11-09,2004,NA,NA,NA,NA,NA,1990,Crime fiction and Thriller (genre),Millennium (series),NA
Stuart Hill (author),1,British writer,NA,1958-06-04,1958,NA,NA,NA,NA,NA,NA,NA,2005,History and Fantasy,NA,NA
Sue Rose,1,Television animator producer and writer,NA,1953-08-16 and 1954-07-02,1953,NA,NA,NA,NA,NA,NA,NA,1985,NA,NA,NA
Sujatha Rangarajan,1,Indian screencomposer,NA,1985-05-03,1985,2008-02-27,2008,NA,NA,NA,NA,NA,NA,NA,NA,NA
Tim Seeley,1,Comic creator,NA,NA,NA,NA,NA,NA,NA,NA,NA,NA,NA,NA,NA,NA
Timothy Harris (writer),1,American writer and producer,NA,1946-07-21,1946,NA,NA,NA,NA,NA,NA,NA,NA,NA,NA,NA
Toby Whithouse,1,English television writer,NA,NA,NA,NA,NA,NA,NA,NA,NA,NA,1992,NA,NA,NA
Todd A. Kessler,1,American television director,NA,NA,1979,NA,NA,NA,NA,NA,NA,NA,NA,NA,NA,NA
Todd J. Greenwald,1,American television producer and writer,NA,NA,NA,NA,NA,NA,NA,NA,NA,NA,NA,NA,NA,NA
Tom Christopher,1,American artist,NA,1952-05-15,1952,NA,NA,NA,NA,NA,NA,NA,NA,NA,NA,NA
Tom Grindberg,1,Comic illustrator,NA,1961-11-03,1961,NA,NA,NA,NA,NA,NA,NA,NA,NA,NA,NA
Tom Joyner (writer),1,Writer,NA,NA,NA,NA,NA,NA,NA,NA,NA,NA,NA,NA,NA,NA
Tom Kapinos,1,writer television producer,NA,1969-07-12,1969,NA,NA,NA,NA,NA,NA,NA,NA,NA,NA,NA
Tom Morgan (comics),4,American comic artist,NA,NA,NA,NA,NA,NA,Americans,NA,NA,NA,NA,NA,NA,NA
Tom Peyer,6,American comic creator,NA,1954-02-23,1954,NA,NA,NA,United States,NA,NA,NA,NA,NA,NA,NA
Tom Taylor (writer),1,Australian writer,NA,1978-11-29,1978,NA,NA,NA,Australia,NA,NA,NA,NA,NA,NA,NA
Toms (cartoonist),1,Indian cartoonist,NA,NA,1929,NA,NA,NA,NA,NA,NA,NA,NA,NA,NA,NA
Toni Blum,1,American comic writer,NA,NA,1918,NA,1972,NA,United States,NA,NA,NA,NA,NA,NA,NA
Tony McHale,9,British actor and director,NA,NA,NA,NA,NA,NA,NA,NA,NA,NA,NA,NA,NA,NA
Tony Salmons,1,American comic artist,NA,1957-01-01,1957,NA,NA,NA,United States,NA,NA,NA,NA,NA,NA,NA
Travel Foreman,1,Americancomic book artist,NA,NA,NA,NA,NA,NA,Americans,NA,NA,NA,NA,NA,NA,NA
Trevor Von Eeden,4,Comic book writer/artist,NA,1959-07-24,1959,NA,NA,NA,NA,NA,NA,NA,NA,NA,NA,NA
Takeshi Kimura,1,Japanese screenwriter,NA,1912-02-04,1912,NA,1988,NA,NA,Japan,NA,NA,NA,NA,NA,NA
Ted Cowan,1,British comic writer,NA,NA,NA,NA,NA,NA,NA,NA,NA,NA,NA,NA,NA,NA
Tex Blaisdell,1,Americancomic stripartist,NA,1920-03-30,1920,1999-03-11,1999,NA,Americans,NA,NA,NA,NA,NA,NA,NA
Valerie Tripp,2,America writer,NA,NA,1951,NA,NA,NA,NA,United States,NA,NA,NA,NA,American Girl (book series),NA
Victor Milan,1,Science fiction writer,NA,NA,1954,NA,NA,NA,NA,NA,NA,NA,NA,NA,NA,NA
Viktor Dotsenko,1,Best-selling Russian action/adventure writer,NA,NA,NA,NA,NA,NA,NA,NA,NA,NA,NA,NA,NA,NA
Vince Gilligan,7,American director,NA,1967-02-10,1967,NA,NA,NA,NA,NA,NA,NA,1990,NA,NA,Tisch School of the Arts
Vincent Giarrano,1,Comic artist,NA,NA,NA,NA,NA,NA,NA,NA,NA,NA,NA,NA,NA,NA
Wade Von Grawbadger,1,Comics artist,NA,NA,NA,NA,NA,NA,NA,NA,NA,NA,NA,NA,NA,NA
Walter A. McDaniel,1,Artist,NA,1971-01-07,1971,NA,NA,NA,NA,NA,NA,NA,NA,NA,NA,NA
Wayne Faucher,1,American comic book inker,NA,NA,NA,NA,NA,NA,NA,NA,NA,NA,NA,NA,NA,NA
Whitney Ellsworth,1,American comic editor,NA,1908-11-27,1908,1980-09-07,1980,NA,NA,NA,NA,NA,NA,NA,NA,NA
Will Franz,2,Comics writer,NA,NA,NA,NA,NA,NA,NA,NA,NA,NA,NA,NA,NA,NA
Will Murray,1,Writer,NA,NA,1953,NA,NA,NA,United States,NA,NA,NA,NA,NA,NA,NA
Will Pfeifer,1,American comic writer,NA,NA,1967,NA,NA,NA,United States,NA,NA,NA,NA,NA,NA,NA
William Dozier,1,American film and television producer and actor,NA,1908-02-13,1908,1991-04-23,1991,NA,NA,NA,NA,NA,1944,NA,NA,NA
William Tucci,3,American illustrator,NA,1966-08-13,1966,NA,NA,NA,NA,NA,NA,NA,NA,NA,NA,NA
Yan Moore,2,Canadian screenwriter,NA,1953-02-06,1953,NA,NA,NA,NA,NA,NA,NA,NA,NA,NA,NA
Yoshimitsu Banno,1,Japanese film director,NA,NA,NA,NA,NA,NA,Japanese people,NA,NA,NA,NA,NA,NA,NA
Zack Stentz,1,American screenwriter,NA,NA,NA,NA,NA,NA,NA,NA,NA,NA,2000,NA,NA,NA
Zeb Wells,1,American screenwriter,NA,NA,NA,NA,NA,NA,Americans,NA,NA,NA,NA,NA,NA,NA
